createClient,2022-05-06 21:57:04.14createClient,2022-05-06 21:58:15.011
printBook,2022-05-06 21:58:23.733
printBook,2022-05-06 21:58:25.124
printBook,2022-05-06 21:58:26.281
deleteEmployee,2022-05-06 21:58:33.895
createClient,2022-05-24 01:00:34.575
printBooks,2022-05-24 01:00:38.865
createBook,2022-05-24 01:00:55.978
createClient,2022-05-26 16:10:20.789
createClient,2022-05-27 04:03:27.764
printClients,2022-05-27 04:03:40.378
printAuthors,2022-05-27 04:27:26.031
createClient,2022-05-27 05:25:59.574
createClient,2022-05-27 05:31:18.224
printClients,2022-05-27 05:31:27.923
createClient,2022-05-27 05:31:35.021
printClients,2022-05-27 05:31:42.93
printClients,2022-05-27 05:31:57.522
deleteClientById,2022-05-27 05:51:04.992
printClients,2022-05-27 05:51:09.31
printClients,2022-05-27 06:43:14.268
updateClientByCnp,2022-05-27 06:43:24.953
printClients,2022-05-27 06:43:28.314
printClients,2022-05-27 06:46:32.601
printClients,2022-05-27 06:48:05.359
updateClientByCnp,2022-05-27 06:48:12.993
printClients,2022-05-27 06:48:16.139
createClient,2022-05-27 06:54:51.774
createClient,2022-05-27 06:57:19.603
createClient,2022-05-27 06:57:23.435
createClient,2022-05-27 06:57:28.086
deleteClientById,2022-05-27 06:57:37.592
deleteClientById,2022-05-27 06:57:41.524
printClients,2022-05-27 06:57:43.186
printClients,2022-05-27 06:59:22.579
updateClientByCnp,2022-05-27 06:59:56.542
printClients,2022-05-27 06:59:58.629
createClient,2022-05-27 07:00:04.549
deleteClientById,2022-05-27 07:00:11.741
createClient,2022-05-27 07:00:13.95
createClient,2022-05-27 07:00:46.576
createClient,2022-05-27 07:00:50.999
deleteClientById,2022-05-27 07:01:03.344
createBook,2022-05-27 07:36:37.096
printAuthors,2022-05-27 07:38:11.199
printBooks,2022-05-27 07:38:22.637
createBook,2022-05-27 07:38:37.975
createBook,2022-05-27 07:39:29.547
createBook,2022-05-27 07:39:55.881
printBooks,2022-05-27 07:40:07.811
updateBook,2022-05-27 07:40:25.708
printBooks,2022-05-27 07:40:26.179
printBooks,2022-05-27 07:40:29.495
printBooks,2022-05-27 07:41:32.252
deleteAuthor,2022-05-27 07:42:01.063
printBooks,2022-05-27 07:42:53.043
updateBook,2022-05-27 07:42:59.724
printBooks,2022-05-27 07:43:19.232
deleteBook,2022-05-27 07:43:49.937
printBooks,2022-05-27 07:43:55.522
createBook,2022-05-27 09:29:39.458
printBooks,2022-05-27 09:29:50.503
printBooks,2022-05-27 09:30:05.704
createEmployee,2022-05-27 09:30:10.402
createEmployee,2022-05-27 09:31:49.275
createClient,2022-05-27 09:31:59.284
createEmployee,2022-05-27 09:32:11.384
createEmployee,2022-05-27 09:32:27.908
printEmployees,2022-05-27 09:32:37.959
returnBook,2022-05-27 09:32:48.179
createBook,2022-05-27 09:37:37.488
printBooks,2022-05-27 09:37:43.143
printBooks,2022-05-27 09:41:08.759
printBooks,2022-05-27 09:49:37.806
createBook,2022-05-27 09:49:39.414
createBook,2022-05-27 09:49:51.458
printBooks,2022-05-27 09:49:57.212
printBooks,2022-05-27 09:50:11.788
printEmployees,2022-05-27 09:51:59.437
createEmployee,2022-05-27 09:52:03.687
createEmployee,2022-05-27 09:52:11.37
createEmployee,2022-05-27 09:52:24.959
printEmployees,2022-05-27 09:52:31.41
printAuthors,2022-05-27 09:53:15.805
printBooks,2022-05-27 09:54:30.344
createBook,2022-05-27 09:54:38.985
printBooks,2022-05-27 09:54:43.104
printBooks,2022-05-27 09:54:53.57
updateAuthor,2022-05-27 09:55:01.874
updateAuthor,2022-05-27 09:56:44.783
createBook,2022-05-27 09:56:47.311
updateAuthor,2022-05-27 09:57:02.135
printAuthors,2022-05-27 09:57:53.204
printAuthors,2022-05-27 09:58:06.121
deleteAuthor,2022-05-27 09:58:13.15
printAuthors,2022-05-27 09:58:22.258
borrowBook,2022-05-27 09:58:52.989
printBooks,2022-05-27 09:59:02.957
createClient,2022-05-27 09:59:16.958
createEmployee,2022-05-27 09:59:32.949
createEmployee,2022-05-27 09:59:42.385
printAuthors,2022-05-27 09:59:44.047
createBook,2022-05-27 09:59:52.47
printBooks,2022-05-27 10:00:00.524
createBook,2022-05-27 10:00:07.133
printBooks,2022-05-27 10:00:21.683
printAuthors,2022-05-27 10:00:37.008
printAuthors,2022-05-27 10:00:46.577
printBooks,2022-05-27 10:00:52.099
createBook,2022-05-27 10:02:30.677
printBooks,2022-05-27 10:02:37.751
printBooks,2022-05-27 10:02:46.283
printEmployees,2022-05-27 10:02:51.521
createEmployee,2022-05-27 10:09:44.418
createEmployee,2022-05-27 10:09:52.063
printEmployees,2022-05-27 10:10:00.288
createEmployee,2022-05-27 10:10:07.466
printEmployees,2022-05-27 10:10:18.034
deleteEmployee,2022-05-27 10:10:27.503
printEmployees,2022-05-27 10:10:30.751
createEmployee,2022-05-27 10:10:41.38
deleteEmployee,2022-05-27 10:10:55.617
deleteBook,2022-05-27 10:11:01.428
